<?xml version="1.0"?>
<assembly
	xmlns="http://maven.apache.org/plugins/maven-assembly-plugin/assembly/1.1.2"
	xmlns:xsi="http://www.w3.org/2001/XMLSchema-instance"
	xsi:schemaLocation="http://maven.apache.org/plugins/maven-assembly-plugin/assembly/1.1.2 http://maven.apache.org/xsd/assembly-1.1.2.xsd">
	<id>config</id>
	<formats>
		<format>tar.gz</format>
	</formats>
	<baseDirectory>${project.basedir}src/main/resources/</baseDirectory>
	<includeBaseDirectory>false</includeBaseDirectory>
	<fileSets>
		<fileSet>
			<directory>${project.basedir}/src/main/resources/</directory>
			<outputDirectory>/</outputDirectory>
			<includes>
				<include>*</include>
			</includes>
			<excludes>
				<exclude>*-dev.yml</exclude>
			</excludes>
		</fileSet>
	</fileSets>
</assembly>